{
    "1160616026": {
        "plasma_discharge": {
            "shot_number": 1160616026,
            "plasma_current": 0.51,
            "line_averaged_density": 2.83,
            "greenwald_fraction": 0.8,
            "t_start": 1.15,
            "t_end": 1.45,
            "duration": 0.3,
            "mlp_mode": "-",
            "confinement_more": "L"
        },
        "blob_parameters": {
            "vx_c": 457.25866959787714,
            "vy_c": -150.94384477698063,
            "area_c": 2.4311700101941174e-05,
            "vx_tde": 557.8164478203971,
            "vy_tde": -26.92336697782894,
            "lx_f": 0.0028214928565632115,
            "ly_f": 0.0037809734059292333,
            "lr": 0.002762471565803637,
            "lz": 0.0,
            "theta_f": 0.2528952291268493,
            "taud_psd": 4.251229190346817e-05,
            "lambda_psd": 1.0182910779893677e-06,
            "number_events": 1
        }
    }
}